style_idx,style,rung,k,tol,channel,verdict_off,verdict_on
0,Logical,Surface,2,0.1,cross,0,13
0,Logical,Surface,4,0.1,cross,0,13
0,Logical,Surface,8,0.1,cross,0,13
0,Logical,Shallow,2,0.1,cross,0,13
0,Logical,Shallow,4,0.1,cross,0,13
0,Logical,Shallow,8,0.1,cross,0,13
0,Logical,Contextual,4,0.1,cross,0,13
0,Logical,Contextual,8,0.1,cross,0,13
0,Logical,Analogical,2,0,cross,0,27
0,Logical,Analogical,2,0.001,cross,0,27
0,Logical,Analogical,2,0.005,cross,0,27
0,Logical,Analogical,2,0.01,cross,0,27
0,Logical,Analogical,2,0.02,cross,0,27
0,Logical,Analogical,3,0,cross,0,27
0,Logical,Analogical,3,0.001,cross,0,27
0,Logical,Analogical,3,0.005,cross,0,27
0,Logical,Analogical,3,0.01,cross,0,27
0,Logical,Analogical,3,0.02,cross,0,27
0,Logical,Analogical,4,0,cross,0,27
0,Logical,Analogical,4,0.001,cross,0,27
0,Logical,Analogical,4,0.005,cross,0,27
0,Logical,Analogical,4,0.01,cross,0,27
0,Logical,Analogical,4,0.02,cross,0,27
1,Analytical,Surface,2,0.1,cross,0,13
1,Analytical,Surface,4,0.1,cross,0,13
1,Analytical,Surface,8,0.1,cross,0,13
1,Analytical,Shallow,2,0.1,cross,0,13
1,Analytical,Shallow,4,0.1,cross,0,13
1,Analytical,Shallow,8,0.1,cross,0,13
1,Analytical,Contextual,4,0.1,cross,0,13
1,Analytical,Contextual,8,0.1,cross,0,13
1,Analytical,Analogical,2,0,cross,0,27
1,Analytical,Analogical,2,0.001,cross,0,27
1,Analytical,Analogical,2,0.005,cross,0,27
1,Analytical,Analogical,2,0.01,cross,0,27
1,Analytical,Analogical,2,0.02,cross,0,27
1,Analytical,Analogical,3,0,cross,0,27
1,Analytical,Analogical,3,0.001,cross,0,27
1,Analytical,Analogical,3,0.005,cross,0,27
1,Analytical,Analogical,3,0.01,cross,0,27
1,Analytical,Analogical,3,0.02,cross,0,27
1,Analytical,Analogical,4,0,cross,0,27
1,Analytical,Analogical,4,0.001,cross,0,27
1,Analytical,Analogical,4,0.005,cross,0,27
1,Analytical,Analogical,4,0.01,cross,0,27
1,Analytical,Analogical,4,0.02,cross,0,27
2,Critical,Surface,2,0.1,cross,0,13
2,Critical,Surface,4,0.1,cross,0,13
2,Critical,Surface,8,0.1,cross,0,13
2,Critical,Shallow,2,0.1,cross,0,13
2,Critical,Shallow,4,0.1,cross,0,13
2,Critical,Shallow,8,0.1,cross,0,13
2,Critical,Contextual,4,0.1,cross,0,13
2,Critical,Contextual,8,0.1,cross,0,13
2,Critical,Analogical,2,0,cross,0,27
2,Critical,Analogical,2,0.001,cross,0,27
2,Critical,Analogical,2,0.005,cross,0,27
2,Critical,Analogical,2,0.01,cross,0,27
2,Critical,Analogical,2,0.02,cross,0,27
2,Critical,Analogical,3,0,cross,0,27
2,Critical,Analogical,3,0.001,cross,0,27
2,Critical,Analogical,3,0.005,cross,0,27
2,Critical,Analogical,3,0.01,cross,0,27
2,Critical,Analogical,3,0.02,cross,0,27
2,Critical,Analogical,4,0,cross,0,27
2,Critical,Analogical,4,0.001,cross,0,27
2,Critical,Analogical,4,0.005,cross,0,27
2,Critical,Analogical,4,0.01,cross,0,27
2,Critical,Analogical,4,0.02,cross,0,27
3,Systematic,Surface,2,0.1,cross,0,13
3,Systematic,Surface,4,0.1,cross,0,13
3,Systematic,Surface,8,0.1,cross,0,13
3,Systematic,Shallow,2,0.1,cross,0,13
3,Systematic,Shallow,4,0.1,cross,0,13
3,Systematic,Shallow,8,0.1,cross,0,13
3,Systematic,Contextual,4,0.1,cross,0,13
3,Systematic,Contextual,8,0.1,cross,0,13
3,Systematic,Analogical,2,0,cross,0,27
3,Systematic,Analogical,2,0.001,cross,0,27
3,Systematic,Analogical,2,0.005,cross,0,27
3,Systematic,Analogical,2,0.01,cross,0,27
3,Systematic,Analogical,2,0.02,cross,0,27
3,Systematic,Analogical,3,0,cross,0,27
3,Systematic,Analogical,3,0.001,cross,0,27
3,Systematic,Analogical,3,0.005,cross,0,27
3,Systematic,Analogical,3,0.01,cross,0,27
3,Systematic,Analogical,3,0.02,cross,0,27
3,Systematic,Analogical,4,0,cross,0,27
3,Systematic,Analogical,4,0.001,cross,0,27
3,Systematic,Analogical,4,0.005,cross,0,27
3,Systematic,Analogical,4,0.01,cross,0,27
3,Systematic,Analogical,4,0.02,cross,0,27
4,Methodical,Surface,2,0.1,cross,0,13
4,Methodical,Surface,4,0.1,cross,0,13
4,Methodical,Surface,8,0.1,cross,0,13
4,Methodical,Shallow,2,0.1,cross,0,13
4,Methodical,Shallow,4,0.1,cross,0,13
4,Methodical,Shallow,8,0.1,cross,0,13
4,Methodical,Contextual,4,0.1,cross,0,13
4,Methodical,Contextual,8,0.1,cross,0,13
4,Methodical,Analogical,2,0,cross,0,27
4,Methodical,Analogical,2,0.001,cross,0,27
4,Methodical,Analogical,2,0.005,cross,0,27
4,Methodical,Analogical,2,0.01,cross,0,27
4,Methodical,Analogical,2,0.02,cross,0,27
4,Methodical,Analogical,3,0,cross,0,27
4,Methodical,Analogical,3,0.001,cross,0,27
4,Methodical,Analogical,3,0.005,cross,0,27
4,Methodical,Analogical,3,0.01,cross,0,27
4,Methodical,Analogical,3,0.02,cross,0,27
4,Methodical,Analogical,4,0,cross,0,27
4,Methodical,Analogical,4,0.001,cross,0,27
4,Methodical,Analogical,4,0.005,cross,0,27
4,Methodical,Analogical,4,0.01,cross,0,27
4,Methodical,Analogical,4,0.02,cross,0,27
5,Precise,Surface,2,0.1,cross,0,13
5,Precise,Surface,4,0.1,cross,0,13
5,Precise,Surface,8,0.1,cross,0,13
5,Precise,Shallow,2,0.1,cross,0,13
5,Precise,Shallow,4,0.1,cross,0,13
5,Precise,Shallow,8,0.1,cross,0,13
5,Precise,Contextual,4,0.1,cross,0,13
5,Precise,Contextual,8,0.1,cross,0,13
5,Precise,Analogical,2,0,cross,0,27
5,Precise,Analogical,2,0.001,cross,0,27
5,Precise,Analogical,2,0.005,cross,0,27
5,Precise,Analogical,2,0.01,cross,0,27
5,Precise,Analogical,2,0.02,cross,0,27
5,Precise,Analogical,3,0,cross,0,27
5,Precise,Analogical,3,0.001,cross,0,27
5,Precise,Analogical,3,0.005,cross,0,27
5,Precise,Analogical,3,0.01,cross,0,27
5,Precise,Analogical,3,0.02,cross,0,27
5,Precise,Analogical,4,0,cross,0,27
5,Precise,Analogical,4,0.001,cross,0,27
5,Precise,Analogical,4,0.005,cross,0,27
5,Precise,Analogical,4,0.01,cross,0,27
5,Precise,Analogical,4,0.02,cross,0,27
6,Creative,Surface,2,0,same,0,7
6,Creative,Surface,2,0.001,same,0,7
6,Creative,Surface,2,0.005,same,0,7
6,Creative,Surface,2,0.01,same,0,7
6,Creative,Surface,2,0.02,same,0,7
6,Creative,Surface,3,0,same,0,7
6,Creative,Surface,3,0.001,same,0,7
6,Creative,Surface,3,0.005,same,0,7
6,Creative,Surface,3,0.01,same,0,7
6,Creative,Surface,3,0.02,same,0,7
6,Creative,Surface,3,0.1,cross,0,26
6,Creative,Surface,4,0,same,0,7
6,Creative,Surface,4,0.001,same,0,7
6,Creative,Surface,4,0.005,same,0,7
6,Creative,Surface,4,0.01,same,0,7
6,Creative,Surface,4,0.02,same,0,7
6,Creative,Surface,4,0.1,cross,0,26
6,Creative,Shallow,2,0,same,0,7
6,Creative,Shallow,2,0.001,same,0,7
6,Creative,Shallow,2,0.005,same,0,7
6,Creative,Shallow,2,0.01,same,0,7
6,Creative,Shallow,2,0.02,same,0,7
6,Creative,Shallow,3,0,same,0,7
6,Creative,Shallow,3,0.001,same,0,7
6,Creative,Shallow,3,0.005,same,0,7
6,Creative,Shallow,3,0.01,same,0,7
6,Creative,Shallow,3,0.02,same,0,7
6,Creative,Shallow,3,0.1,cross,0,26
6,Creative,Shallow,4,0,same,0,7
6,Creative,Shallow,4,0.001,same,0,7
6,Creative,Shallow,4,0.005,same,0,7
6,Creative,Shallow,4,0.01,same,0,7
6,Creative,Shallow,4,0.02,same,0,7
6,Creative,Shallow,4,0.1,cross,0,26
6,Creative,Contextual,2,0,same,0,7
6,Creative,Contextual,2,0.001,same,0,7
6,Creative,Contextual,2,0.005,same,0,7
6,Creative,Contextual,2,0.01,same,0,7
6,Creative,Contextual,2,0.02,same,0,7
6,Creative,Contextual,3,0,same,0,7
6,Creative,Contextual,3,0.001,same,0,7
6,Creative,Contextual,3,0.005,same,0,7
6,Creative,Contextual,3,0.01,same,0,7
6,Creative,Contextual,3,0.02,same,0,7
6,Creative,Contextual,3,0.1,cross,0,26
6,Creative,Contextual,4,0,same,0,7
6,Creative,Contextual,4,0.001,same,0,7
6,Creative,Contextual,4,0.005,same,0,7
6,Creative,Contextual,4,0.01,same,0,7
6,Creative,Contextual,4,0.02,same,0,7
6,Creative,Analogical,2,0,same,0,7
6,Creative,Analogical,2,0.001,same,0,7
6,Creative,Analogical,2,0.005,same,0,7
6,Creative,Analogical,2,0.01,same,0,7
6,Creative,Analogical,2,0.02,same,0,7
6,Creative,Analogical,3,0,same,0,7
6,Creative,Analogical,3,0.001,same,0,7
6,Creative,Analogical,3,0.005,same,0,7
6,Creative,Analogical,3,0.01,same,0,7
6,Creative,Analogical,3,0.02,same,0,7
6,Creative,Analogical,4,0,same,0,7
6,Creative,Analogical,4,0.001,same,0,7
6,Creative,Analogical,4,0.005,same,0,7
6,Creative,Analogical,4,0.01,same,0,7
6,Creative,Analogical,4,0.02,same,0,7
7,Imaginative,Surface,2,0,same,0,7
7,Imaginative,Surface,2,0.001,same,0,7
7,Imaginative,Surface,2,0.005,same,0,7
7,Imaginative,Surface,2,0.01,same,0,7
7,Imaginative,Surface,2,0.02,same,0,7
7,Imaginative,Surface,3,0,same,0,7
7,Imaginative,Surface,3,0.001,same,0,7
7,Imaginative,Surface,3,0.005,same,0,7
7,Imaginative,Surface,3,0.01,same,0,7
7,Imaginative,Surface,3,0.02,same,0,7
7,Imaginative,Surface,3,0.1,cross,0,26
7,Imaginative,Surface,4,0,same,0,7
7,Imaginative,Surface,4,0.001,same,0,7
7,Imaginative,Surface,4,0.005,same,0,7
7,Imaginative,Surface,4,0.01,same,0,7
7,Imaginative,Surface,4,0.02,same,0,7
7,Imaginative,Surface,4,0.1,cross,0,26
7,Imaginative,Shallow,2,0,same,0,7
7,Imaginative,Shallow,2,0.001,same,0,7
7,Imaginative,Shallow,2,0.005,same,0,7
7,Imaginative,Shallow,2,0.01,same,0,7
7,Imaginative,Shallow,2,0.02,same,0,7
7,Imaginative,Shallow,3,0,same,0,7
7,Imaginative,Shallow,3,0.001,same,0,7
7,Imaginative,Shallow,3,0.005,same,0,7
7,Imaginative,Shallow,3,0.01,same,0,7
7,Imaginative,Shallow,3,0.02,same,0,7
7,Imaginative,Shallow,3,0.1,cross,0,26
7,Imaginative,Shallow,4,0,same,0,7
7,Imaginative,Shallow,4,0.001,same,0,7
7,Imaginative,Shallow,4,0.005,same,0,7
7,Imaginative,Shallow,4,0.01,same,0,7
7,Imaginative,Shallow,4,0.02,same,0,7
7,Imaginative,Shallow,4,0.1,cross,0,26
7,Imaginative,Contextual,2,0,same,0,7
7,Imaginative,Contextual,2,0.001,same,0,7
7,Imaginative,Contextual,2,0.005,same,0,7
7,Imaginative,Contextual,2,0.01,same,0,7
7,Imaginative,Contextual,2,0.02,same,0,7
7,Imaginative,Contextual,3,0,same,0,7
7,Imaginative,Contextual,3,0.001,same,0,7
7,Imaginative,Contextual,3,0.005,same,0,7
7,Imaginative,Contextual,3,0.01,same,0,7
7,Imaginative,Contextual,3,0.02,same,0,7
7,Imaginative,Contextual,3,0.1,cross,0,26
7,Imaginative,Contextual,4,0,same,0,7
7,Imaginative,Contextual,4,0.001,same,0,7
7,Imaginative,Contextual,4,0.005,same,0,7
7,Imaginative,Contextual,4,0.01,same,0,7
7,Imaginative,Contextual,4,0.02,same,0,7
7,Imaginative,Analogical,2,0,same,0,7
7,Imaginative,Analogical,2,0.001,same,0,7
7,Imaginative,Analogical,2,0.005,same,0,7
7,Imaginative,Analogical,2,0.01,same,0,7
7,Imaginative,Analogical,2,0.02,same,0,7
7,Imaginative,Analogical,3,0,same,0,7
7,Imaginative,Analogical,3,0.001,same,0,7
7,Imaginative,Analogical,3,0.005,same,0,7
7,Imaginative,Analogical,3,0.01,same,0,7
7,Imaginative,Analogical,3,0.02,same,0,7
7,Imaginative,Analogical,4,0,same,0,7
7,Imaginative,Analogical,4,0.001,same,0,7
7,Imaginative,Analogical,4,0.005,same,0,7
7,Imaginative,Analogical,4,0.01,same,0,7
7,Imaginative,Analogical,4,0.02,same,0,7
8,Innovative,Surface,2,0,same,0,7
8,Innovative,Surface,2,0.001,same,0,7
8,Innovative,Surface,2,0.005,same,0,7
8,Innovative,Surface,2,0.01,same,0,7
8,Innovative,Surface,2,0.02,same,0,7
8,Innovative,Surface,3,0,same,0,7
8,Innovative,Surface,3,0.001,same,0,7
8,Innovative,Surface,3,0.005,same,0,7
8,Innovative,Surface,3,0.01,same,0,7
8,Innovative,Surface,3,0.02,same,0,7
8,Innovative,Surface,3,0.1,cross,0,26
8,Innovative,Surface,4,0,same,0,7
8,Innovative,Surface,4,0.001,same,0,7
8,Innovative,Surface,4,0.005,same,0,7
8,Innovative,Surface,4,0.01,same,0,7
8,Innovative,Surface,4,0.02,same,0,7
8,Innovative,Surface,4,0.1,cross,0,26
8,Innovative,Shallow,2,0,same,0,7
8,Innovative,Shallow,2,0.001,same,0,7
8,Innovative,Shallow,2,0.005,same,0,7
8,Innovative,Shallow,2,0.01,same,0,7
8,Innovative,Shallow,2,0.02,same,0,7
8,Innovative,Shallow,3,0,same,0,7
8,Innovative,Shallow,3,0.001,same,0,7
8,Innovative,Shallow,3,0.005,same,0,7
8,Innovative,Shallow,3,0.01,same,0,7
8,Innovative,Shallow,3,0.02,same,0,7
8,Innovative,Shallow,3,0.1,cross,0,26
8,Innovative,Shallow,4,0,same,0,7
8,Innovative,Shallow,4,0.001,same,0,7
8,Innovative,Shallow,4,0.005,same,0,7
8,Innovative,Shallow,4,0.01,same,0,7
8,Innovative,Shallow,4,0.02,same,0,7
8,Innovative,Shallow,4,0.1,cross,0,26
8,Innovative,Contextual,2,0,same,0,7
8,Innovative,Contextual,2,0.001,same,0,7
8,Innovative,Contextual,2,0.005,same,0,7
8,Innovative,Contextual,2,0.01,same,0,7
8,Innovative,Contextual,2,0.02,same,0,7
8,Innovative,Contextual,3,0,same,0,7
8,Innovative,Contextual,3,0.001,same,0,7
8,Innovative,Contextual,3,0.005,same,0,7
8,Innovative,Contextual,3,0.01,same,0,7
8,Innovative,Contextual,3,0.02,same,0,7
8,Innovative,Contextual,3,0.1,cross,0,26
8,Innovative,Contextual,4,0,same,0,7
8,Innovative,Contextual,4,0.001,same,0,7
8,Innovative,Contextual,4,0.005,same,0,7
8,Innovative,Contextual,4,0.01,same,0,7
8,Innovative,Contextual,4,0.02,same,0,7
8,Innovative,Analogical,2,0,same,0,7
8,Innovative,Analogical,2,0.001,same,0,7
8,Innovative,Analogical,2,0.005,same,0,7
8,Innovative,Analogical,2,0.01,same,0,7
8,Innovative,Analogical,2,0.02,same,0,7
8,Innovative,Analogical,3,0,same,0,7
8,Innovative,Analogical,3,0.001,same,0,7
8,Innovative,Analogical,3,0.005,same,0,7
8,Innovative,Analogical,3,0.01,same,0,7
8,Innovative,Analogical,3,0.02,same,0,7
8,Innovative,Analogical,4,0,same,0,7
8,Innovative,Analogical,4,0.001,same,0,7
8,Innovative,Analogical,4,0.005,same,0,7
8,Innovative,Analogical,4,0.01,same,0,7
8,Innovative,Analogical,4,0.02,same,0,7
9,Artistic,Surface,2,0,same,0,7
9,Artistic,Surface,2,0.001,same,0,7
9,Artistic,Surface,2,0.005,same,0,7
9,Artistic,Surface,2,0.01,same,0,7
9,Artistic,Surface,2,0.02,same,0,7
9,Artistic,Surface,3,0,same,0,7
9,Artistic,Surface,3,0.001,same,0,7
9,Artistic,Surface,3,0.005,same,0,7
9,Artistic,Surface,3,0.01,same,0,7
9,Artistic,Surface,3,0.02,same,0,7
9,Artistic,Surface,3,0.1,cross,0,26
9,Artistic,Surface,4,0,same,0,7
9,Artistic,Surface,4,0.001,same,0,7
9,Artistic,Surface,4,0.005,same,0,7
9,Artistic,Surface,4,0.01,same,0,7
9,Artistic,Surface,4,0.02,same,0,7
9,Artistic,Surface,4,0.1,cross,0,26
9,Artistic,Shallow,2,0,same,0,7
9,Artistic,Shallow,2,0.001,same,0,7
9,Artistic,Shallow,2,0.005,same,0,7
9,Artistic,Shallow,2,0.01,same,0,7
9,Artistic,Shallow,2,0.02,same,0,7
9,Artistic,Shallow,3,0,same,0,7
9,Artistic,Shallow,3,0.001,same,0,7
9,Artistic,Shallow,3,0.005,same,0,7
9,Artistic,Shallow,3,0.01,same,0,7
9,Artistic,Shallow,3,0.02,same,0,7
9,Artistic,Shallow,3,0.1,cross,0,26
9,Artistic,Shallow,4,0,same,0,7
9,Artistic,Shallow,4,0.001,same,0,7
9,Artistic,Shallow,4,0.005,same,0,7
9,Artistic,Shallow,4,0.01,same,0,7
9,Artistic,Shallow,4,0.02,same,0,7
9,Artistic,Shallow,4,0.1,cross,0,26
9,Artistic,Contextual,2,0,same,0,7
9,Artistic,Contextual,2,0.001,same,0,7
9,Artistic,Contextual,2,0.005,same,0,7
9,Artistic,Contextual,2,0.01,same,0,7
9,Artistic,Contextual,2,0.02,same,0,7
9,Artistic,Contextual,3,0,same,0,7
9,Artistic,Contextual,3,0.001,same,0,7
9,Artistic,Contextual,3,0.005,same,0,7
9,Artistic,Contextual,3,0.01,same,0,7
9,Artistic,Contextual,3,0.02,same,0,7
9,Artistic,Contextual,3,0.1,cross,0,26
9,Artistic,Contextual,4,0,same,0,7
9,Artistic,Contextual,4,0.001,same,0,7
9,Artistic,Contextual,4,0.005,same,0,7
9,Artistic,Contextual,4,0.01,same,0,7
9,Artistic,Contextual,4,0.02,same,0,7
9,Artistic,Analogical,2,0,same,0,7
9,Artistic,Analogical,2,0.001,same,0,7
9,Artistic,Analogical,2,0.005,same,0,7
9,Artistic,Analogical,2,0.01,same,0,7
9,Artistic,Analogical,2,0.02,same,0,7
9,Artistic,Analogical,3,0,same,0,7
9,Artistic,Analogical,3,0.001,same,0,7
9,Artistic,Analogical,3,0.005,same,0,7
9,Artistic,Analogical,3,0.01,same,0,7
9,Artistic,Analogical,3,0.02,same,0,7
9,Artistic,Analogical,4,0,same,0,7
9,Artistic,Analogical,4,0.001,same,0,7
9,Artistic,Analogical,4,0.005,same,0,7
9,Artistic,Analogical,4,0.01,same,0,7
9,Artistic,Analogical,4,0.02,same,0,7
10,Poetic,Surface,2,0,same,0,7
10,Poetic,Surface,2,0.001,same,0,7
10,Poetic,Surface,2,0.005,same,0,7
10,Poetic,Surface,2,0.01,same,0,7
10,Poetic,Surface,2,0.02,same,0,7
10,Poetic,Surface,3,0,same,0,7
10,Poetic,Surface,3,0.001,same,0,7
10,Poetic,Surface,3,0.005,same,0,7
10,Poetic,Surface,3,0.01,same,0,7
10,Poetic,Surface,3,0.02,same,0,7
10,Poetic,Surface,3,0.1,cross,0,26
10,Poetic,Surface,4,0,same,0,7
10,Poetic,Surface,4,0.001,same,0,7
10,Poetic,Surface,4,0.005,same,0,7
10,Poetic,Surface,4,0.01,same,0,7
10,Poetic,Surface,4,0.02,same,0,7
10,Poetic,Surface,4,0.1,cross,0,26
10,Poetic,Shallow,2,0,same,0,7
10,Poetic,Shallow,2,0.001,same,0,7
10,Poetic,Shallow,2,0.005,same,0,7
10,Poetic,Shallow,2,0.01,same,0,7
10,Poetic,Shallow,2,0.02,same,0,7
10,Poetic,Shallow,3,0,same,0,7
10,Poetic,Shallow,3,0.001,same,0,7
10,Poetic,Shallow,3,0.005,same,0,7
10,Poetic,Shallow,3,0.01,same,0,7
10,Poetic,Shallow,3,0.02,same,0,7
10,Poetic,Shallow,3,0.1,cross,0,26
10,Poetic,Shallow,4,0,same,0,7
10,Poetic,Shallow,4,0.001,same,0,7
10,Poetic,Shallow,4,0.005,same,0,7
10,Poetic,Shallow,4,0.01,same,0,7
10,Poetic,Shallow,4,0.02,same,0,7
10,Poetic,Shallow,4,0.1,cross,0,26
10,Poetic,Contextual,2,0,same,0,7
10,Poetic,Contextual,2,0.001,same,0,7
10,Poetic,Contextual,2,0.005,same,0,7
10,Poetic,Contextual,2,0.01,same,0,7
10,Poetic,Contextual,2,0.02,same,0,7
10,Poetic,Contextual,3,0,same,0,7
10,Poetic,Contextual,3,0.001,same,0,7
10,Poetic,Contextual,3,0.005,same,0,7
10,Poetic,Contextual,3,0.01,same,0,7
10,Poetic,Contextual,3,0.02,same,0,7
10,Poetic,Contextual,3,0.1,cross,0,26
10,Poetic,Contextual,4,0,same,0,7
10,Poetic,Contextual,4,0.001,same,0,7
10,Poetic,Contextual,4,0.005,same,0,7
10,Poetic,Contextual,4,0.01,same,0,7
10,Poetic,Contextual,4,0.02,same,0,7
10,Poetic,Analogical,2,0,same,0,7
10,Poetic,Analogical,2,0.001,same,0,7
10,Poetic,Analogical,2,0.005,same,0,7
10,Poetic,Analogical,2,0.01,same,0,7
10,Poetic,Analogical,2,0.02,same,0,7
10,Poetic,Analogical,3,0,same,0,7
10,Poetic,Analogical,3,0.001,same,0,7
10,Poetic,Analogical,3,0.005,same,0,7
10,Poetic,Analogical,3,0.01,same,0,7
10,Poetic,Analogical,3,0.02,same,0,7
10,Poetic,Analogical,4,0,same,0,7
10,Poetic,Analogical,4,0.001,same,0,7
10,Poetic,Analogical,4,0.005,same,0,7
10,Poetic,Analogical,4,0.01,same,0,7
10,Poetic,Analogical,4,0.02,same,0,7
11,Playful,Surface,2,0,same,0,7
11,Playful,Surface,2,0.001,same,0,7
11,Playful,Surface,2,0.005,same,0,7
11,Playful,Surface,2,0.01,same,0,7
11,Playful,Surface,2,0.02,same,0,7
11,Playful,Surface,3,0,same,0,7
11,Playful,Surface,3,0.001,same,0,7
11,Playful,Surface,3,0.005,same,0,7
11,Playful,Surface,3,0.01,same,0,7
11,Playful,Surface,3,0.02,same,0,7
11,Playful,Surface,3,0.1,cross,0,26
11,Playful,Surface,4,0,same,0,7
11,Playful,Surface,4,0.001,same,0,7
11,Playful,Surface,4,0.005,same,0,7
11,Playful,Surface,4,0.01,same,0,7
11,Playful,Surface,4,0.02,same,0,7
11,Playful,Surface,4,0.1,cross,0,26
11,Playful,Shallow,2,0,same,0,7
11,Playful,Shallow,2,0.001,same,0,7
11,Playful,Shallow,2,0.005,same,0,7
11,Playful,Shallow,2,0.01,same,0,7
11,Playful,Shallow,2,0.02,same,0,7
11,Playful,Shallow,3,0,same,0,7
11,Playful,Shallow,3,0.001,same,0,7
11,Playful,Shallow,3,0.005,same,0,7
11,Playful,Shallow,3,0.01,same,0,7
11,Playful,Shallow,3,0.02,same,0,7
11,Playful,Shallow,3,0.1,cross,0,26
11,Playful,Shallow,4,0,same,0,7
11,Playful,Shallow,4,0.001,same,0,7
11,Playful,Shallow,4,0.005,same,0,7
11,Playful,Shallow,4,0.01,same,0,7
11,Playful,Shallow,4,0.02,same,0,7
11,Playful,Shallow,4,0.1,cross,0,26
11,Playful,Contextual,2,0,same,0,7
11,Playful,Contextual,2,0.001,same,0,7
11,Playful,Contextual,2,0.005,same,0,7
11,Playful,Contextual,2,0.01,same,0,7
11,Playful,Contextual,2,0.02,same,0,7
11,Playful,Contextual,3,0,same,0,7
11,Playful,Contextual,3,0.001,same,0,7
11,Playful,Contextual,3,0.005,same,0,7
11,Playful,Contextual,3,0.01,same,0,7
11,Playful,Contextual,3,0.02,same,0,7
11,Playful,Contextual,3,0.1,cross,0,26
11,Playful,Contextual,4,0,same,0,7
11,Playful,Contextual,4,0.001,same,0,7
11,Playful,Contextual,4,0.005,same,0,7
11,Playful,Contextual,4,0.01,same,0,7
11,Playful,Contextual,4,0.02,same,0,7
11,Playful,Analogical,2,0,same,0,7
11,Playful,Analogical,2,0.001,same,0,7
11,Playful,Analogical,2,0.005,same,0,7
11,Playful,Analogical,2,0.01,same,0,7
11,Playful,Analogical,2,0.02,same,0,7
11,Playful,Analogical,3,0,same,0,7
11,Playful,Analogical,3,0.001,same,0,7
11,Playful,Analogical,3,0.005,same,0,7
11,Playful,Analogical,3,0.01,same,0,7
11,Playful,Analogical,3,0.02,same,0,7
11,Playful,Analogical,4,0,same,0,7
11,Playful,Analogical,4,0.001,same,0,7
11,Playful,Analogical,4,0.005,same,0,7
11,Playful,Analogical,4,0.01,same,0,7
11,Playful,Analogical,4,0.02,same,0,7
12,Empathetic,Surface,2,0.1,same,0,4
12,Empathetic,Shallow,2,0.1,same,0,4
12,Empathetic,Contextual,2,0.1,same,0,4
13,Compassionate,Surface,2,0.1,same,0,4
13,Compassionate,Shallow,2,0.1,same,0,4
13,Compassionate,Contextual,2,0.1,same,0,4
14,Supportive,Surface,2,0.1,same,0,4
14,Supportive,Shallow,2,0.1,same,0,4
14,Supportive,Contextual,2,0.1,same,0,4
15,Nurturing,Surface,2,0.1,same,0,4
15,Nurturing,Shallow,2,0.1,same,0,4
15,Nurturing,Contextual,2,0.1,same,0,4
16,Gentle,Surface,2,0.1,same,0,4
16,Gentle,Shallow,2,0.1,same,0,4
16,Gentle,Contextual,2,0.1,same,0,4
17,Warm,Surface,2,0.1,same,0,4
17,Warm,Shallow,2,0.1,same,0,4
17,Warm,Contextual,2,0.1,same,0,4
18,Direct,Surface,2,0.1,cross,0,13
18,Direct,Surface,4,0.1,cross,0,13
18,Direct,Surface,8,0.1,cross,0,13
18,Direct,Shallow,2,0.1,cross,0,13
18,Direct,Shallow,4,0.1,cross,0,13
18,Direct,Shallow,8,0.1,cross,0,13
18,Direct,Contextual,4,0.1,cross,0,13
18,Direct,Contextual,8,0.1,cross,0,13
18,Direct,Analogical,2,0,cross,0,27
18,Direct,Analogical,2,0.001,cross,0,27
18,Direct,Analogical,2,0.005,cross,0,27
18,Direct,Analogical,2,0.01,cross,0,27
18,Direct,Analogical,2,0.02,cross,0,27
18,Direct,Analogical,3,0,cross,0,27
18,Direct,Analogical,3,0.001,cross,0,27
18,Direct,Analogical,3,0.005,cross,0,27
18,Direct,Analogical,3,0.01,cross,0,27
18,Direct,Analogical,3,0.02,cross,0,27
18,Direct,Analogical,4,0,cross,0,27
18,Direct,Analogical,4,0.001,cross,0,27
18,Direct,Analogical,4,0.005,cross,0,27
18,Direct,Analogical,4,0.01,cross,0,27
18,Direct,Analogical,4,0.02,cross,0,27
19,Concise,Surface,2,0.1,cross,0,13
19,Concise,Surface,4,0.1,cross,0,13
19,Concise,Surface,8,0.1,cross,0,13
19,Concise,Shallow,2,0.1,cross,0,13
19,Concise,Shallow,4,0.1,cross,0,13
19,Concise,Shallow,8,0.1,cross,0,13
19,Concise,Contextual,4,0.1,cross,0,13
19,Concise,Contextual,8,0.1,cross,0,13
19,Concise,Analogical,2,0,cross,0,27
19,Concise,Analogical,2,0.001,cross,0,27
19,Concise,Analogical,2,0.005,cross,0,27
19,Concise,Analogical,2,0.01,cross,0,27
19,Concise,Analogical,2,0.02,cross,0,27
19,Concise,Analogical,3,0,cross,0,27
19,Concise,Analogical,3,0.001,cross,0,27
19,Concise,Analogical,3,0.005,cross,0,27
19,Concise,Analogical,3,0.01,cross,0,27
19,Concise,Analogical,3,0.02,cross,0,27
19,Concise,Analogical,4,0,cross,0,27
19,Concise,Analogical,4,0.001,cross,0,27
19,Concise,Analogical,4,0.005,cross,0,27
19,Concise,Analogical,4,0.01,cross,0,27
19,Concise,Analogical,4,0.02,cross,0,27
20,Efficient,Surface,2,0.1,cross,0,13
20,Efficient,Surface,4,0.1,cross,0,13
20,Efficient,Surface,8,0.1,cross,0,13
20,Efficient,Shallow,2,0.1,cross,0,13
20,Efficient,Shallow,4,0.1,cross,0,13
20,Efficient,Shallow,8,0.1,cross,0,13
20,Efficient,Contextual,4,0.1,cross,0,13
20,Efficient,Contextual,8,0.1,cross,0,13
20,Efficient,Analogical,2,0,cross,0,27
20,Efficient,Analogical,2,0.001,cross,0,27
20,Efficient,Analogical,2,0.005,cross,0,27
20,Efficient,Analogical,2,0.01,cross,0,27
20,Efficient,Analogical,2,0.02,cross,0,27
20,Efficient,Analogical,3,0,cross,0,27
20,Efficient,Analogical,3,0.001,cross,0,27
20,Efficient,Analogical,3,0.005,cross,0,27
20,Efficient,Analogical,3,0.01,cross,0,27
20,Efficient,Analogical,3,0.02,cross,0,27
20,Efficient,Analogical,4,0,cross,0,27
20,Efficient,Analogical,4,0.001,cross,0,27
20,Efficient,Analogical,4,0.005,cross,0,27
20,Efficient,Analogical,4,0.01,cross,0,27
20,Efficient,Analogical,4,0.02,cross,0,27
21,Pragmatic,Surface,2,0.1,cross,0,13
21,Pragmatic,Surface,4,0.1,cross,0,13
21,Pragmatic,Surface,8,0.1,cross,0,13
21,Pragmatic,Shallow,2,0.1,cross,0,13
21,Pragmatic,Shallow,4,0.1,cross,0,13
21,Pragmatic,Shallow,8,0.1,cross,0,13
21,Pragmatic,Contextual,4,0.1,cross,0,13
21,Pragmatic,Contextual,8,0.1,cross,0,13
21,Pragmatic,Analogical,2,0,cross,0,27
21,Pragmatic,Analogical,2,0.001,cross,0,27
21,Pragmatic,Analogical,2,0.005,cross,0,27
21,Pragmatic,Analogical,2,0.01,cross,0,27
21,Pragmatic,Analogical,2,0.02,cross,0,27
21,Pragmatic,Analogical,3,0,cross,0,27
21,Pragmatic,Analogical,3,0.001,cross,0,27
21,Pragmatic,Analogical,3,0.005,cross,0,27
21,Pragmatic,Analogical,3,0.01,cross,0,27
21,Pragmatic,Analogical,3,0.02,cross,0,27
21,Pragmatic,Analogical,4,0,cross,0,27
21,Pragmatic,Analogical,4,0.001,cross,0,27
21,Pragmatic,Analogical,4,0.005,cross,0,27
21,Pragmatic,Analogical,4,0.01,cross,0,27
21,Pragmatic,Analogical,4,0.02,cross,0,27
22,Blunt,Surface,2,0.1,cross,0,13
22,Blunt,Surface,4,0.1,cross,0,13
22,Blunt,Surface,8,0.1,cross,0,13
22,Blunt,Shallow,2,0.1,cross,0,13
22,Blunt,Shallow,4,0.1,cross,0,13
22,Blunt,Shallow,8,0.1,cross,0,13
22,Blunt,Contextual,4,0.1,cross,0,13
22,Blunt,Contextual,8,0.1,cross,0,13
22,Blunt,Analogical,2,0,cross,0,27
22,Blunt,Analogical,2,0.001,cross,0,27
22,Blunt,Analogical,2,0.005,cross,0,27
22,Blunt,Analogical,2,0.01,cross,0,27
22,Blunt,Analogical,2,0.02,cross,0,27
22,Blunt,Analogical,3,0,cross,0,27
22,Blunt,Analogical,3,0.001,cross,0,27
22,Blunt,Analogical,3,0.005,cross,0,27
22,Blunt,Analogical,3,0.01,cross,0,27
22,Blunt,Analogical,3,0.02,cross,0,27
22,Blunt,Analogical,4,0,cross,0,27
22,Blunt,Analogical,4,0.001,cross,0,27
22,Blunt,Analogical,4,0.005,cross,0,27
22,Blunt,Analogical,4,0.01,cross,0,27
22,Blunt,Analogical,4,0.02,cross,0,27
23,Frank,Surface,2,0.1,cross,0,13
23,Frank,Surface,4,0.1,cross,0,13
23,Frank,Surface,8,0.1,cross,0,13
23,Frank,Shallow,2,0.1,cross,0,13
23,Frank,Shallow,4,0.1,cross,0,13
23,Frank,Shallow,8,0.1,cross,0,13
23,Frank,Contextual,4,0.1,cross,0,13
23,Frank,Contextual,8,0.1,cross,0,13
23,Frank,Analogical,2,0,cross,0,27
23,Frank,Analogical,2,0.001,cross,0,27
23,Frank,Analogical,2,0.005,cross,0,27
23,Frank,Analogical,2,0.01,cross,0,27
23,Frank,Analogical,2,0.02,cross,0,27
23,Frank,Analogical,3,0,cross,0,27
23,Frank,Analogical,3,0.001,cross,0,27
23,Frank,Analogical,3,0.005,cross,0,27
23,Frank,Analogical,3,0.01,cross,0,27
23,Frank,Analogical,3,0.02,cross,0,27
23,Frank,Analogical,4,0,cross,0,27
23,Frank,Analogical,4,0.001,cross,0,27
23,Frank,Analogical,4,0.005,cross,0,27
23,Frank,Analogical,4,0.01,cross,0,27
23,Frank,Analogical,4,0.02,cross,0,27
24,Curious,Surface,2,0,same,0,7
24,Curious,Surface,2,0.001,same,0,7
24,Curious,Surface,2,0.005,same,0,7
24,Curious,Surface,2,0.01,same,0,7
24,Curious,Surface,2,0.02,same,0,7
24,Curious,Surface,3,0,same,0,7
24,Curious,Surface,3,0.001,same,0,7
24,Curious,Surface,3,0.005,same,0,7
24,Curious,Surface,3,0.01,same,0,7
24,Curious,Surface,3,0.02,same,0,7
24,Curious,Surface,3,0.1,cross,0,26
24,Curious,Surface,4,0,same,0,7
24,Curious,Surface,4,0.001,same,0,7
24,Curious,Surface,4,0.005,same,0,7
24,Curious,Surface,4,0.01,same,0,7
24,Curious,Surface,4,0.02,same,0,7
24,Curious,Surface,4,0.1,cross,0,26
24,Curious,Shallow,2,0,same,0,7
24,Curious,Shallow,2,0.001,same,0,7
24,Curious,Shallow,2,0.005,same,0,7
24,Curious,Shallow,2,0.01,same,0,7
24,Curious,Shallow,2,0.02,same,0,7
24,Curious,Shallow,3,0,same,0,7
24,Curious,Shallow,3,0.001,same,0,7
24,Curious,Shallow,3,0.005,same,0,7
24,Curious,Shallow,3,0.01,same,0,7
24,Curious,Shallow,3,0.02,same,0,7
24,Curious,Shallow,3,0.1,cross,0,26
24,Curious,Shallow,4,0,same,0,7
24,Curious,Shallow,4,0.001,same,0,7
24,Curious,Shallow,4,0.005,same,0,7
24,Curious,Shallow,4,0.01,same,0,7
24,Curious,Shallow,4,0.02,same,0,7
24,Curious,Shallow,4,0.1,cross,0,26
24,Curious,Contextual,2,0,same,0,7
24,Curious,Contextual,2,0.001,same,0,7
24,Curious,Contextual,2,0.005,same,0,7
24,Curious,Contextual,2,0.01,same,0,7
24,Curious,Contextual,2,0.02,same,0,7
24,Curious,Contextual,3,0,same,0,7
24,Curious,Contextual,3,0.001,same,0,7
24,Curious,Contextual,3,0.005,same,0,7
24,Curious,Contextual,3,0.01,same,0,7
24,Curious,Contextual,3,0.02,same,0,7
24,Curious,Contextual,3,0.1,cross,0,26
24,Curious,Contextual,4,0,same,0,7
24,Curious,Contextual,4,0.001,same,0,7
24,Curious,Contextual,4,0.005,same,0,7
24,Curious,Contextual,4,0.01,same,0,7
24,Curious,Contextual,4,0.02,same,0,7
24,Curious,Analogical,2,0,same,0,7
24,Curious,Analogical,2,0.001,same,0,7
24,Curious,Analogical,2,0.005,same,0,7
24,Curious,Analogical,2,0.01,same,0,7
24,Curious,Analogical,2,0.02,same,0,7
24,Curious,Analogical,3,0,same,0,7
24,Curious,Analogical,3,0.001,same,0,7
24,Curious,Analogical,3,0.005,same,0,7
24,Curious,Analogical,3,0.01,same,0,7
24,Curious,Analogical,3,0.02,same,0,7
24,Curious,Analogical,4,0,same,0,7
24,Curious,Analogical,4,0.001,same,0,7
24,Curious,Analogical,4,0.005,same,0,7
24,Curious,Analogical,4,0.01,same,0,7
24,Curious,Analogical,4,0.02,same,0,7
25,Exploratory,Surface,2,0,same,0,7
25,Exploratory,Surface,2,0.001,same,0,7
25,Exploratory,Surface,2,0.005,same,0,7
25,Exploratory,Surface,2,0.01,same,0,7
25,Exploratory,Surface,2,0.02,same,0,7
25,Exploratory,Surface,3,0,same,0,7
25,Exploratory,Surface,3,0.001,same,0,7
25,Exploratory,Surface,3,0.005,same,0,7
25,Exploratory,Surface,3,0.01,same,0,7
25,Exploratory,Surface,3,0.02,same,0,7
25,Exploratory,Surface,3,0.1,cross,0,26
25,Exploratory,Surface,4,0,same,0,7
25,Exploratory,Surface,4,0.001,same,0,7
25,Exploratory,Surface,4,0.005,same,0,7
25,Exploratory,Surface,4,0.01,same,0,7
25,Exploratory,Surface,4,0.02,same,0,7
25,Exploratory,Surface,4,0.1,cross,0,26
25,Exploratory,Shallow,2,0,same,0,7
25,Exploratory,Shallow,2,0.001,same,0,7
25,Exploratory,Shallow,2,0.005,same,0,7
25,Exploratory,Shallow,2,0.01,same,0,7
25,Exploratory,Shallow,2,0.02,same,0,7
25,Exploratory,Shallow,3,0,same,0,7
25,Exploratory,Shallow,3,0.001,same,0,7
25,Exploratory,Shallow,3,0.005,same,0,7
25,Exploratory,Shallow,3,0.01,same,0,7
25,Exploratory,Shallow,3,0.02,same,0,7
25,Exploratory,Shallow,3,0.1,cross,0,26
25,Exploratory,Shallow,4,0,same,0,7
25,Exploratory,Shallow,4,0.001,same,0,7
25,Exploratory,Shallow,4,0.005,same,0,7
25,Exploratory,Shallow,4,0.01,same,0,7
25,Exploratory,Shallow,4,0.02,same,0,7
25,Exploratory,Shallow,4,0.1,cross,0,26
25,Exploratory,Contextual,2,0,same,0,7
25,Exploratory,Contextual,2,0.001,same,0,7
25,Exploratory,Contextual,2,0.005,same,0,7
25,Exploratory,Contextual,2,0.01,same,0,7
25,Exploratory,Contextual,2,0.02,same,0,7
25,Exploratory,Contextual,3,0,same,0,7
25,Exploratory,Contextual,3,0.001,same,0,7
25,Exploratory,Contextual,3,0.005,same,0,7
25,Exploratory,Contextual,3,0.01,same,0,7
25,Exploratory,Contextual,3,0.02,same,0,7
25,Exploratory,Contextual,3,0.1,cross,0,26
25,Exploratory,Contextual,4,0,same,0,7
25,Exploratory,Contextual,4,0.001,same,0,7
25,Exploratory,Contextual,4,0.005,same,0,7
25,Exploratory,Contextual,4,0.01,same,0,7
25,Exploratory,Contextual,4,0.02,same,0,7
25,Exploratory,Analogical,2,0,same,0,7
25,Exploratory,Analogical,2,0.001,same,0,7
25,Exploratory,Analogical,2,0.005,same,0,7
25,Exploratory,Analogical,2,0.01,same,0,7
25,Exploratory,Analogical,2,0.02,same,0,7
25,Exploratory,Analogical,3,0,same,0,7
25,Exploratory,Analogical,3,0.001,same,0,7
25,Exploratory,Analogical,3,0.005,same,0,7
25,Exploratory,Analogical,3,0.01,same,0,7
25,Exploratory,Analogical,3,0.02,same,0,7
25,Exploratory,Analogical,4,0,same,0,7
25,Exploratory,Analogical,4,0.001,same,0,7
25,Exploratory,Analogical,4,0.005,same,0,7
25,Exploratory,Analogical,4,0.01,same,0,7
25,Exploratory,Analogical,4,0.02,same,0,7
26,Questioning,Surface,2,0,same,0,7
26,Questioning,Surface,2,0.001,same,0,7
26,Questioning,Surface,2,0.005,same,0,7
26,Questioning,Surface,2,0.01,same,0,7
26,Questioning,Surface,2,0.02,same,0,7
26,Questioning,Surface,3,0,same,0,7
26,Questioning,Surface,3,0.001,same,0,7
26,Questioning,Surface,3,0.005,same,0,7
26,Questioning,Surface,3,0.01,same,0,7
26,Questioning,Surface,3,0.02,same,0,7
26,Questioning,Surface,3,0.1,cross,0,26
26,Questioning,Surface,4,0,same,0,7
26,Questioning,Surface,4,0.001,same,0,7
26,Questioning,Surface,4,0.005,same,0,7
26,Questioning,Surface,4,0.01,same,0,7
26,Questioning,Surface,4,0.02,same,0,7
26,Questioning,Surface,4,0.1,cross,0,26
26,Questioning,Shallow,2,0,same,0,7
26,Questioning,Shallow,2,0.001,same,0,7
26,Questioning,Shallow,2,0.005,same,0,7
26,Questioning,Shallow,2,0.01,same,0,7
26,Questioning,Shallow,2,0.02,same,0,7
26,Questioning,Shallow,3,0,same,0,7
26,Questioning,Shallow,3,0.001,same,0,7
26,Questioning,Shallow,3,0.005,same,0,7
26,Questioning,Shallow,3,0.01,same,0,7
26,Questioning,Shallow,3,0.02,same,0,7
26,Questioning,Shallow,3,0.1,cross,0,26
26,Questioning,Shallow,4,0,same,0,7
26,Questioning,Shallow,4,0.001,same,0,7
26,Questioning,Shallow,4,0.005,same,0,7
26,Questioning,Shallow,4,0.01,same,0,7
26,Questioning,Shallow,4,0.02,same,0,7
26,Questioning,Shallow,4,0.1,cross,0,26
26,Questioning,Contextual,2,0,same,0,7
26,Questioning,Contextual,2,0.001,same,0,7
26,Questioning,Contextual,2,0.005,same,0,7
26,Questioning,Contextual,2,0.01,same,0,7
26,Questioning,Contextual,2,0.02,same,0,7
26,Questioning,Contextual,3,0,same,0,7
26,Questioning,Contextual,3,0.001,same,0,7
26,Questioning,Contextual,3,0.005,same,0,7
26,Questioning,Contextual,3,0.01,same,0,7
26,Questioning,Contextual,3,0.02,same,0,7
26,Questioning,Contextual,3,0.1,cross,0,26
26,Questioning,Contextual,4,0,same,0,7
26,Questioning,Contextual,4,0.001,same,0,7
26,Questioning,Contextual,4,0.005,same,0,7
26,Questioning,Contextual,4,0.01,same,0,7
26,Questioning,Contextual,4,0.02,same,0,7
26,Questioning,Analogical,2,0,same,0,7
26,Questioning,Analogical,2,0.001,same,0,7
26,Questioning,Analogical,2,0.005,same,0,7
26,Questioning,Analogical,2,0.01,same,0,7
26,Questioning,Analogical,2,0.02,same,0,7
26,Questioning,Analogical,3,0,same,0,7
26,Questioning,Analogical,3,0.001,same,0,7
26,Questioning,Analogical,3,0.005,same,0,7
26,Questioning,Analogical,3,0.01,same,0,7
26,Questioning,Analogical,3,0.02,same,0,7
26,Questioning,Analogical,4,0,same,0,7
26,Questioning,Analogical,4,0.001,same,0,7
26,Questioning,Analogical,4,0.005,same,0,7
26,Questioning,Analogical,4,0.01,same,0,7
26,Questioning,Analogical,4,0.02,same,0,7
27,Investigative,Surface,2,0,same,0,7
27,Investigative,Surface,2,0.001,same,0,7
27,Investigative,Surface,2,0.005,same,0,7
27,Investigative,Surface,2,0.01,same,0,7
27,Investigative,Surface,2,0.02,same,0,7
27,Investigative,Surface,3,0,same,0,7
27,Investigative,Surface,3,0.001,same,0,7
27,Investigative,Surface,3,0.005,same,0,7
27,Investigative,Surface,3,0.01,same,0,7
27,Investigative,Surface,3,0.02,same,0,7
27,Investigative,Surface,3,0.1,cross,0,26
27,Investigative,Surface,4,0,same,0,7
27,Investigative,Surface,4,0.001,same,0,7
27,Investigative,Surface,4,0.005,same,0,7
27,Investigative,Surface,4,0.01,same,0,7
27,Investigative,Surface,4,0.02,same,0,7
27,Investigative,Surface,4,0.1,cross,0,26
27,Investigative,Shallow,2,0,same,0,7
27,Investigative,Shallow,2,0.001,same,0,7
27,Investigative,Shallow,2,0.005,same,0,7
27,Investigative,Shallow,2,0.01,same,0,7
27,Investigative,Shallow,2,0.02,same,0,7
27,Investigative,Shallow,3,0,same,0,7
27,Investigative,Shallow,3,0.001,same,0,7
27,Investigative,Shallow,3,0.005,same,0,7
27,Investigative,Shallow,3,0.01,same,0,7
27,Investigative,Shallow,3,0.02,same,0,7
27,Investigative,Shallow,3,0.1,cross,0,26
27,Investigative,Shallow,4,0,same,0,7
27,Investigative,Shallow,4,0.001,same,0,7
27,Investigative,Shallow,4,0.005,same,0,7
27,Investigative,Shallow,4,0.01,same,0,7
27,Investigative,Shallow,4,0.02,same,0,7
27,Investigative,Shallow,4,0.1,cross,0,26
27,Investigative,Contextual,2,0,same,0,7
27,Investigative,Contextual,2,0.001,same,0,7
27,Investigative,Contextual,2,0.005,same,0,7
27,Investigative,Contextual,2,0.01,same,0,7
27,Investigative,Contextual,2,0.02,same,0,7
27,Investigative,Contextual,3,0,same,0,7
27,Investigative,Contextual,3,0.001,same,0,7
27,Investigative,Contextual,3,0.005,same,0,7
27,Investigative,Contextual,3,0.01,same,0,7
27,Investigative,Contextual,3,0.02,same,0,7
27,Investigative,Contextual,3,0.1,cross,0,26
27,Investigative,Contextual,4,0,same,0,7
27,Investigative,Contextual,4,0.001,same,0,7
27,Investigative,Contextual,4,0.005,same,0,7
27,Investigative,Contextual,4,0.01,same,0,7
27,Investigative,Contextual,4,0.02,same,0,7
27,Investigative,Analogical,2,0,same,0,7
27,Investigative,Analogical,2,0.001,same,0,7
27,Investigative,Analogical,2,0.005,same,0,7
27,Investigative,Analogical,2,0.01,same,0,7
27,Investigative,Analogical,2,0.02,same,0,7
27,Investigative,Analogical,3,0,same,0,7
27,Investigative,Analogical,3,0.001,same,0,7
27,Investigative,Analogical,3,0.005,same,0,7
27,Investigative,Analogical,3,0.01,same,0,7
27,Investigative,Analogical,3,0.02,same,0,7
27,Investigative,Analogical,4,0,same,0,7
27,Investigative,Analogical,4,0.001,same,0,7
27,Investigative,Analogical,4,0.005,same,0,7
27,Investigative,Analogical,4,0.01,same,0,7
27,Investigative,Analogical,4,0.02,same,0,7
28,Speculative,Surface,2,0,same,0,7
28,Speculative,Surface,2,0.001,same,0,7
28,Speculative,Surface,2,0.005,same,0,7
28,Speculative,Surface,2,0.01,same,0,7
28,Speculative,Surface,2,0.02,same,0,7
28,Speculative,Surface,3,0,same,0,7
28,Speculative,Surface,3,0.001,same,0,7
28,Speculative,Surface,3,0.005,same,0,7
28,Speculative,Surface,3,0.01,same,0,7
28,Speculative,Surface,3,0.02,same,0,7
28,Speculative,Surface,3,0.1,cross,0,26
28,Speculative,Surface,4,0,same,0,7
28,Speculative,Surface,4,0.001,same,0,7
28,Speculative,Surface,4,0.005,same,0,7
28,Speculative,Surface,4,0.01,same,0,7
28,Speculative,Surface,4,0.02,same,0,7
28,Speculative,Surface,4,0.1,cross,0,26
28,Speculative,Shallow,2,0,same,0,7
28,Speculative,Shallow,2,0.001,same,0,7
28,Speculative,Shallow,2,0.005,same,0,7
28,Speculative,Shallow,2,0.01,same,0,7
28,Speculative,Shallow,2,0.02,same,0,7
28,Speculative,Shallow,3,0,same,0,7
28,Speculative,Shallow,3,0.001,same,0,7
28,Speculative,Shallow,3,0.005,same,0,7
28,Speculative,Shallow,3,0.01,same,0,7
28,Speculative,Shallow,3,0.02,same,0,7
28,Speculative,Shallow,3,0.1,cross,0,26
28,Speculative,Shallow,4,0,same,0,7
28,Speculative,Shallow,4,0.001,same,0,7
28,Speculative,Shallow,4,0.005,same,0,7
28,Speculative,Shallow,4,0.01,same,0,7
28,Speculative,Shallow,4,0.02,same,0,7
28,Speculative,Shallow,4,0.1,cross,0,26
28,Speculative,Contextual,2,0,same,0,7
28,Speculative,Contextual,2,0.001,same,0,7
28,Speculative,Contextual,2,0.005,same,0,7
28,Speculative,Contextual,2,0.01,same,0,7
28,Speculative,Contextual,2,0.02,same,0,7
28,Speculative,Contextual,3,0,same,0,7
28,Speculative,Contextual,3,0.001,same,0,7
28,Speculative,Contextual,3,0.005,same,0,7
28,Speculative,Contextual,3,0.01,same,0,7
28,Speculative,Contextual,3,0.02,same,0,7
28,Speculative,Contextual,3,0.1,cross,0,26
28,Speculative,Contextual,4,0,same,0,7
28,Speculative,Contextual,4,0.001,same,0,7
28,Speculative,Contextual,4,0.005,same,0,7
28,Speculative,Contextual,4,0.01,same,0,7
28,Speculative,Contextual,4,0.02,same,0,7
28,Speculative,Analogical,2,0,same,0,7
28,Speculative,Analogical,2,0.001,same,0,7
28,Speculative,Analogical,2,0.005,same,0,7
28,Speculative,Analogical,2,0.01,same,0,7
28,Speculative,Analogical,2,0.02,same,0,7
28,Speculative,Analogical,3,0,same,0,7
28,Speculative,Analogical,3,0.001,same,0,7
28,Speculative,Analogical,3,0.005,same,0,7
28,Speculative,Analogical,3,0.01,same,0,7
28,Speculative,Analogical,3,0.02,same,0,7
28,Speculative,Analogical,4,0,same,0,7
28,Speculative,Analogical,4,0.001,same,0,7
28,Speculative,Analogical,4,0.005,same,0,7
28,Speculative,Analogical,4,0.01,same,0,7
28,Speculative,Analogical,4,0.02,same,0,7
29,Philosophical,Surface,2,0,same,0,7
29,Philosophical,Surface,2,0.001,same,0,7
29,Philosophical,Surface,2,0.005,same,0,7
29,Philosophical,Surface,2,0.01,same,0,7
29,Philosophical,Surface,2,0.02,same,0,7
29,Philosophical,Surface,3,0,same,0,7
29,Philosophical,Surface,3,0.001,same,0,7
29,Philosophical,Surface,3,0.005,same,0,7
29,Philosophical,Surface,3,0.01,same,0,7
29,Philosophical,Surface,3,0.02,same,0,7
29,Philosophical,Surface,3,0.1,cross,0,26
29,Philosophical,Surface,4,0,same,0,7
29,Philosophical,Surface,4,0.001,same,0,7
29,Philosophical,Surface,4,0.005,same,0,7
29,Philosophical,Surface,4,0.01,same,0,7
29,Philosophical,Surface,4,0.02,same,0,7
29,Philosophical,Surface,4,0.1,cross,0,26
29,Philosophical,Shallow,2,0,same,0,7
29,Philosophical,Shallow,2,0.001,same,0,7
29,Philosophical,Shallow,2,0.005,same,0,7
29,Philosophical,Shallow,2,0.01,same,0,7
29,Philosophical,Shallow,2,0.02,same,0,7
29,Philosophical,Shallow,3,0,same,0,7
29,Philosophical,Shallow,3,0.001,same,0,7
29,Philosophical,Shallow,3,0.005,same,0,7
29,Philosophical,Shallow,3,0.01,same,0,7
29,Philosophical,Shallow,3,0.02,same,0,7
29,Philosophical,Shallow,3,0.1,cross,0,26
29,Philosophical,Shallow,4,0,same,0,7
29,Philosophical,Shallow,4,0.001,same,0,7
29,Philosophical,Shallow,4,0.005,same,0,7
29,Philosophical,Shallow,4,0.01,same,0,7
29,Philosophical,Shallow,4,0.02,same,0,7
29,Philosophical,Shallow,4,0.1,cross,0,26
29,Philosophical,Contextual,2,0,same,0,7
29,Philosophical,Contextual,2,0.001,same,0,7
29,Philosophical,Contextual,2,0.005,same,0,7
29,Philosophical,Contextual,2,0.01,same,0,7
29,Philosophical,Contextual,2,0.02,same,0,7
29,Philosophical,Contextual,3,0,same,0,7
29,Philosophical,Contextual,3,0.001,same,0,7
29,Philosophical,Contextual,3,0.005,same,0,7
29,Philosophical,Contextual,3,0.01,same,0,7
29,Philosophical,Contextual,3,0.02,same,0,7
29,Philosophical,Contextual,3,0.1,cross,0,26
29,Philosophical,Contextual,4,0,same,0,7
29,Philosophical,Contextual,4,0.001,same,0,7
29,Philosophical,Contextual,4,0.005,same,0,7
29,Philosophical,Contextual,4,0.01,same,0,7
29,Philosophical,Contextual,4,0.02,same,0,7
29,Philosophical,Analogical,2,0,same,0,7
29,Philosophical,Analogical,2,0.001,same,0,7
29,Philosophical,Analogical,2,0.005,same,0,7
29,Philosophical,Analogical,2,0.01,same,0,7
29,Philosophical,Analogical,2,0.02,same,0,7
29,Philosophical,Analogical,3,0,same,0,7
29,Philosophical,Analogical,3,0.001,same,0,7
29,Philosophical,Analogical,3,0.005,same,0,7
29,Philosophical,Analogical,3,0.01,same,0,7
29,Philosophical,Analogical,3,0.02,same,0,7
29,Philosophical,Analogical,4,0,same,0,7
29,Philosophical,Analogical,4,0.001,same,0,7
29,Philosophical,Analogical,4,0.005,same,0,7
29,Philosophical,Analogical,4,0.01,same,0,7
29,Philosophical,Analogical,4,0.02,same,0,7
30,Reflective,Surface,1,0,same,0,3
30,Reflective,Surface,1,0.001,same,0,3
30,Reflective,Surface,1,0.005,same,0,3
30,Reflective,Surface,1,0.01,same,0,3
30,Reflective,Surface,1,0.02,same,0,3
30,Reflective,Surface,1,0.05,same,0,3
30,Reflective,Surface,2,0,same,0,3
30,Reflective,Surface,2,0.001,same,0,3
30,Reflective,Surface,2,0.005,same,0,3
30,Reflective,Surface,2,0.01,same,0,3
30,Reflective,Surface,2,0.02,same,0,3
30,Reflective,Surface,2,0.05,same,0,3
30,Reflective,Surface,3,0,same,0,3
30,Reflective,Surface,3,0.001,same,0,3
30,Reflective,Surface,3,0.005,same,0,3
30,Reflective,Surface,3,0.01,same,0,3
30,Reflective,Surface,3,0.02,same,0,3
30,Reflective,Surface,3,0.05,same,0,3
30,Reflective,Surface,3,0.1,cross,26,0
30,Reflective,Surface,4,0,same,0,3
30,Reflective,Surface,4,0.001,same,0,3
30,Reflective,Surface,4,0.005,same,0,3
30,Reflective,Surface,4,0.01,same,0,3
30,Reflective,Surface,4,0.02,same,0,3
30,Reflective,Surface,4,0.05,same,0,3
30,Reflective,Surface,4,0.1,cross,0,26
30,Reflective,Surface,8,0,same,0,3
30,Reflective,Surface,8,0.001,same,0,3
30,Reflective,Surface,8,0.005,same,0,3
30,Reflective,Surface,8,0.01,same,0,3
30,Reflective,Surface,8,0.02,same,0,3
30,Reflective,Surface,8,0.05,same,0,3
30,Reflective,Shallow,1,0,same,0,3
30,Reflective,Shallow,1,0.001,same,0,3
30,Reflective,Shallow,1,0.005,same,0,3
30,Reflective,Shallow,1,0.01,same,0,3
30,Reflective,Shallow,1,0.02,same,0,3
30,Reflective,Shallow,1,0.05,same,0,3
30,Reflective,Shallow,2,0,same,0,3
30,Reflective,Shallow,2,0.001,same,0,3
30,Reflective,Shallow,2,0.005,same,0,3
30,Reflective,Shallow,2,0.01,same,0,3
30,Reflective,Shallow,2,0.02,same,0,3
30,Reflective,Shallow,2,0.05,same,0,3
30,Reflective,Shallow,3,0,same,0,3
30,Reflective,Shallow,3,0.001,same,0,3
30,Reflective,Shallow,3,0.005,same,0,3
30,Reflective,Shallow,3,0.01,same,0,3
30,Reflective,Shallow,3,0.02,same,0,3
30,Reflective,Shallow,3,0.05,same,0,3
30,Reflective,Shallow,3,0.1,cross,26,0
30,Reflective,Shallow,4,0,same,0,3
30,Reflective,Shallow,4,0.001,same,0,3
30,Reflective,Shallow,4,0.005,same,0,3
30,Reflective,Shallow,4,0.01,same,0,3
30,Reflective,Shallow,4,0.02,same,0,3
30,Reflective,Shallow,4,0.05,same,0,3
30,Reflective,Shallow,4,0.1,cross,0,26
30,Reflective,Shallow,8,0,same,0,3
30,Reflective,Shallow,8,0.001,same,0,3
30,Reflective,Shallow,8,0.005,same,0,3
30,Reflective,Shallow,8,0.01,same,0,3
30,Reflective,Shallow,8,0.02,same,0,3
30,Reflective,Shallow,8,0.05,same,0,3
30,Reflective,Contextual,3,0.1,cross,26,0
30,Reflective,Contextual,4,0.1,cross,0,26
30,Reflective,Contextual,8,0.1,cross,0,26
30,Reflective,Analogical,4,0.1,cross,0,26
31,Contemplative,Surface,1,0,same,0,3
31,Contemplative,Surface,1,0.001,same,0,3
31,Contemplative,Surface,1,0.005,same,0,3
31,Contemplative,Surface,1,0.01,same,0,3
31,Contemplative,Surface,1,0.02,same,0,3
31,Contemplative,Surface,1,0.05,same,0,3
31,Contemplative,Surface,2,0,same,0,3
31,Contemplative,Surface,2,0.001,same,0,3
31,Contemplative,Surface,2,0.005,same,0,3
31,Contemplative,Surface,2,0.01,same,0,3
31,Contemplative,Surface,2,0.02,same,0,3
31,Contemplative,Surface,2,0.05,same,0,3
31,Contemplative,Surface,3,0,same,0,3
31,Contemplative,Surface,3,0.001,same,0,3
31,Contemplative,Surface,3,0.005,same,0,3
31,Contemplative,Surface,3,0.01,same,0,3
31,Contemplative,Surface,3,0.02,same,0,3
31,Contemplative,Surface,3,0.05,same,0,3
31,Contemplative,Surface,3,0.1,cross,26,0
31,Contemplative,Surface,4,0,same,0,3
31,Contemplative,Surface,4,0.001,same,0,3
31,Contemplative,Surface,4,0.005,same,0,3
31,Contemplative,Surface,4,0.01,same,0,3
31,Contemplative,Surface,4,0.02,same,0,3
31,Contemplative,Surface,4,0.05,same,0,3
31,Contemplative,Surface,4,0.1,cross,0,26
31,Contemplative,Surface,8,0,same,0,3
31,Contemplative,Surface,8,0.001,same,0,3
31,Contemplative,Surface,8,0.005,same,0,3
31,Contemplative,Surface,8,0.01,same,0,3
31,Contemplative,Surface,8,0.02,same,0,3
31,Contemplative,Surface,8,0.05,same,0,3
31,Contemplative,Shallow,1,0,same,0,3
31,Contemplative,Shallow,1,0.001,same,0,3
31,Contemplative,Shallow,1,0.005,same,0,3
31,Contemplative,Shallow,1,0.01,same,0,3
31,Contemplative,Shallow,1,0.02,same,0,3
31,Contemplative,Shallow,1,0.05,same,0,3
31,Contemplative,Shallow,2,0,same,0,3
31,Contemplative,Shallow,2,0.001,same,0,3
31,Contemplative,Shallow,2,0.005,same,0,3
31,Contemplative,Shallow,2,0.01,same,0,3
31,Contemplative,Shallow,2,0.02,same,0,3
31,Contemplative,Shallow,2,0.05,same,0,3
31,Contemplative,Shallow,3,0,same,0,3
31,Contemplative,Shallow,3,0.001,same,0,3
31,Contemplative,Shallow,3,0.005,same,0,3
31,Contemplative,Shallow,3,0.01,same,0,3
31,Contemplative,Shallow,3,0.02,same,0,3
31,Contemplative,Shallow,3,0.05,same,0,3
31,Contemplative,Shallow,3,0.1,cross,26,0
31,Contemplative,Shallow,4,0,same,0,3
31,Contemplative,Shallow,4,0.001,same,0,3
31,Contemplative,Shallow,4,0.005,same,0,3
31,Contemplative,Shallow,4,0.01,same,0,3
31,Contemplative,Shallow,4,0.02,same,0,3
31,Contemplative,Shallow,4,0.05,same,0,3
31,Contemplative,Shallow,4,0.1,cross,0,26
31,Contemplative,Shallow,8,0,same,0,3
31,Contemplative,Shallow,8,0.001,same,0,3
31,Contemplative,Shallow,8,0.005,same,0,3
31,Contemplative,Shallow,8,0.01,same,0,3
31,Contemplative,Shallow,8,0.02,same,0,3
31,Contemplative,Shallow,8,0.05,same,0,3
31,Contemplative,Contextual,3,0.1,cross,26,0
31,Contemplative,Contextual,4,0.1,cross,0,26
31,Contemplative,Contextual,8,0.1,cross,0,26
31,Contemplative,Analogical,4,0.1,cross,0,26
32,Metacognitive,Surface,1,0,same,0,3
32,Metacognitive,Surface,1,0.001,same,0,3
32,Metacognitive,Surface,1,0.005,same,0,3
32,Metacognitive,Surface,1,0.01,same,0,3
32,Metacognitive,Surface,1,0.02,same,0,3
32,Metacognitive,Surface,1,0.05,same,0,3
32,Metacognitive,Surface,2,0,same,0,3
32,Metacognitive,Surface,2,0.001,same,0,3
32,Metacognitive,Surface,2,0.005,same,0,3
32,Metacognitive,Surface,2,0.01,same,0,3
32,Metacognitive,Surface,2,0.02,same,0,3
32,Metacognitive,Surface,2,0.05,same,0,3
32,Metacognitive,Surface,3,0,same,0,3
32,Metacognitive,Surface,3,0.001,same,0,3
32,Metacognitive,Surface,3,0.005,same,0,3
32,Metacognitive,Surface,3,0.01,same,0,3
32,Metacognitive,Surface,3,0.02,same,0,3
32,Metacognitive,Surface,3,0.05,same,0,3
32,Metacognitive,Surface,3,0.1,cross,26,0
32,Metacognitive,Surface,4,0,same,0,3
32,Metacognitive,Surface,4,0.001,same,0,3
32,Metacognitive,Surface,4,0.005,same,0,3
32,Metacognitive,Surface,4,0.01,same,0,3
32,Metacognitive,Surface,4,0.02,same,0,3
32,Metacognitive,Surface,4,0.05,same,0,3
32,Metacognitive,Surface,4,0.1,cross,0,26
32,Metacognitive,Surface,8,0,same,0,3
32,Metacognitive,Surface,8,0.001,same,0,3
32,Metacognitive,Surface,8,0.005,same,0,3
32,Metacognitive,Surface,8,0.01,same,0,3
32,Metacognitive,Surface,8,0.02,same,0,3
32,Metacognitive,Surface,8,0.05,same,0,3
32,Metacognitive,Shallow,1,0,same,0,3
32,Metacognitive,Shallow,1,0.001,same,0,3
32,Metacognitive,Shallow,1,0.005,same,0,3
32,Metacognitive,Shallow,1,0.01,same,0,3
32,Metacognitive,Shallow,1,0.02,same,0,3
32,Metacognitive,Shallow,1,0.05,same,0,3
32,Metacognitive,Shallow,2,0,same,0,3
32,Metacognitive,Shallow,2,0.001,same,0,3
32,Metacognitive,Shallow,2,0.005,same,0,3
32,Metacognitive,Shallow,2,0.01,same,0,3
32,Metacognitive,Shallow,2,0.02,same,0,3
32,Metacognitive,Shallow,2,0.05,same,0,3
32,Metacognitive,Shallow,3,0,same,0,3
32,Metacognitive,Shallow,3,0.001,same,0,3
32,Metacognitive,Shallow,3,0.005,same,0,3
32,Metacognitive,Shallow,3,0.01,same,0,3
32,Metacognitive,Shallow,3,0.02,same,0,3
32,Metacognitive,Shallow,3,0.05,same,0,3
32,Metacognitive,Shallow,3,0.1,cross,26,0
32,Metacognitive,Shallow,4,0,same,0,3
32,Metacognitive,Shallow,4,0.001,same,0,3
32,Metacognitive,Shallow,4,0.005,same,0,3
32,Metacognitive,Shallow,4,0.01,same,0,3
32,Metacognitive,Shallow,4,0.02,same,0,3
32,Metacognitive,Shallow,4,0.05,same,0,3
32,Metacognitive,Shallow,4,0.1,cross,0,26
32,Metacognitive,Shallow,8,0,same,0,3
32,Metacognitive,Shallow,8,0.001,same,0,3
32,Metacognitive,Shallow,8,0.005,same,0,3
32,Metacognitive,Shallow,8,0.01,same,0,3
32,Metacognitive,Shallow,8,0.02,same,0,3
32,Metacognitive,Shallow,8,0.05,same,0,3
32,Metacognitive,Contextual,3,0.1,cross,26,0
32,Metacognitive,Contextual,4,0.1,cross,0,26
32,Metacognitive,Contextual,8,0.1,cross,0,26
32,Metacognitive,Analogical,4,0.1,cross,0,26
33,Wise,Surface,1,0,same,0,3
33,Wise,Surface,1,0.001,same,0,3
33,Wise,Surface,1,0.005,same,0,3
33,Wise,Surface,1,0.01,same,0,3
33,Wise,Surface,1,0.02,same,0,3
33,Wise,Surface,1,0.05,same,0,3
33,Wise,Surface,2,0,same,0,3
33,Wise,Surface,2,0.001,same,0,3
33,Wise,Surface,2,0.005,same,0,3
33,Wise,Surface,2,0.01,same,0,3
33,Wise,Surface,2,0.02,same,0,3
33,Wise,Surface,2,0.05,same,0,3
33,Wise,Surface,3,0,same,0,3
33,Wise,Surface,3,0.001,same,0,3
33,Wise,Surface,3,0.005,same,0,3
33,Wise,Surface,3,0.01,same,0,3
33,Wise,Surface,3,0.02,same,0,3
33,Wise,Surface,3,0.05,same,0,3
33,Wise,Surface,3,0.1,cross,26,0
33,Wise,Surface,4,0,same,0,3
33,Wise,Surface,4,0.001,same,0,3
33,Wise,Surface,4,0.005,same,0,3
33,Wise,Surface,4,0.01,same,0,3
33,Wise,Surface,4,0.02,same,0,3
33,Wise,Surface,4,0.05,same,0,3
33,Wise,Surface,4,0.1,cross,0,26
33,Wise,Surface,8,0,same,0,3
33,Wise,Surface,8,0.001,same,0,3
33,Wise,Surface,8,0.005,same,0,3
33,Wise,Surface,8,0.01,same,0,3
33,Wise,Surface,8,0.02,same,0,3
33,Wise,Surface,8,0.05,same,0,3
33,Wise,Shallow,1,0,same,0,3
33,Wise,Shallow,1,0.001,same,0,3
33,Wise,Shallow,1,0.005,same,0,3
33,Wise,Shallow,1,0.01,same,0,3
33,Wise,Shallow,1,0.02,same,0,3
33,Wise,Shallow,1,0.05,same,0,3
33,Wise,Shallow,2,0,same,0,3
33,Wise,Shallow,2,0.001,same,0,3
33,Wise,Shallow,2,0.005,same,0,3
33,Wise,Shallow,2,0.01,same,0,3
33,Wise,Shallow,2,0.02,same,0,3
33,Wise,Shallow,2,0.05,same,0,3
33,Wise,Shallow,3,0,same,0,3
33,Wise,Shallow,3,0.001,same,0,3
33,Wise,Shallow,3,0.005,same,0,3
33,Wise,Shallow,3,0.01,same,0,3
33,Wise,Shallow,3,0.02,same,0,3
33,Wise,Shallow,3,0.05,same,0,3
33,Wise,Shallow,3,0.1,cross,26,0
33,Wise,Shallow,4,0,same,0,3
33,Wise,Shallow,4,0.001,same,0,3
33,Wise,Shallow,4,0.005,same,0,3
33,Wise,Shallow,4,0.01,same,0,3
33,Wise,Shallow,4,0.02,same,0,3
33,Wise,Shallow,4,0.05,same,0,3
33,Wise,Shallow,4,0.1,cross,0,26
33,Wise,Shallow,8,0,same,0,3
33,Wise,Shallow,8,0.001,same,0,3
33,Wise,Shallow,8,0.005,same,0,3
33,Wise,Shallow,8,0.01,same,0,3
33,Wise,Shallow,8,0.02,same,0,3
33,Wise,Shallow,8,0.05,same,0,3
33,Wise,Contextual,3,0.1,cross,26,0
33,Wise,Contextual,4,0.1,cross,0,26
33,Wise,Contextual,8,0.1,cross,0,26
33,Wise,Analogical,4,0.1,cross,0,26
34,Transcendent,Surface,1,0,same,0,3
34,Transcendent,Surface,1,0.001,same,0,3
34,Transcendent,Surface,1,0.005,same,0,3
34,Transcendent,Surface,1,0.01,same,0,3
34,Transcendent,Surface,1,0.02,same,0,3
34,Transcendent,Surface,1,0.05,same,0,3
34,Transcendent,Surface,2,0,same,0,3
34,Transcendent,Surface,2,0.001,same,0,3
34,Transcendent,Surface,2,0.005,same,0,3
34,Transcendent,Surface,2,0.01,same,0,3
34,Transcendent,Surface,2,0.02,same,0,3
34,Transcendent,Surface,2,0.05,same,0,3
34,Transcendent,Surface,3,0,same,0,3
34,Transcendent,Surface,3,0.001,same,0,3
34,Transcendent,Surface,3,0.005,same,0,3
34,Transcendent,Surface,3,0.01,same,0,3
34,Transcendent,Surface,3,0.02,same,0,3
34,Transcendent,Surface,3,0.05,same,0,3
34,Transcendent,Surface,3,0.1,cross,26,0
34,Transcendent,Surface,4,0,same,0,3
34,Transcendent,Surface,4,0.001,same,0,3
34,Transcendent,Surface,4,0.005,same,0,3
34,Transcendent,Surface,4,0.01,same,0,3
34,Transcendent,Surface,4,0.02,same,0,3
34,Transcendent,Surface,4,0.05,same,0,3
34,Transcendent,Surface,4,0.1,cross,0,26
34,Transcendent,Surface,8,0,same,0,3
34,Transcendent,Surface,8,0.001,same,0,3
34,Transcendent,Surface,8,0.005,same,0,3
34,Transcendent,Surface,8,0.01,same,0,3
34,Transcendent,Surface,8,0.02,same,0,3
34,Transcendent,Surface,8,0.05,same,0,3
34,Transcendent,Shallow,1,0,same,0,3
34,Transcendent,Shallow,1,0.001,same,0,3
34,Transcendent,Shallow,1,0.005,same,0,3
34,Transcendent,Shallow,1,0.01,same,0,3
34,Transcendent,Shallow,1,0.02,same,0,3
34,Transcendent,Shallow,1,0.05,same,0,3
34,Transcendent,Shallow,2,0,same,0,3
34,Transcendent,Shallow,2,0.001,same,0,3
34,Transcendent,Shallow,2,0.005,same,0,3
34,Transcendent,Shallow,2,0.01,same,0,3
34,Transcendent,Shallow,2,0.02,same,0,3
34,Transcendent,Shallow,2,0.05,same,0,3
34,Transcendent,Shallow,3,0,same,0,3
34,Transcendent,Shallow,3,0.001,same,0,3
34,Transcendent,Shallow,3,0.005,same,0,3
34,Transcendent,Shallow,3,0.01,same,0,3
34,Transcendent,Shallow,3,0.02,same,0,3
34,Transcendent,Shallow,3,0.05,same,0,3
34,Transcendent,Shallow,3,0.1,cross,26,0
34,Transcendent,Shallow,4,0,same,0,3
34,Transcendent,Shallow,4,0.001,same,0,3
34,Transcendent,Shallow,4,0.005,same,0,3
34,Transcendent,Shallow,4,0.01,same,0,3
34,Transcendent,Shallow,4,0.02,same,0,3
34,Transcendent,Shallow,4,0.05,same,0,3
34,Transcendent,Shallow,4,0.1,cross,0,26
34,Transcendent,Shallow,8,0,same,0,3
34,Transcendent,Shallow,8,0.001,same,0,3
34,Transcendent,Shallow,8,0.005,same,0,3
34,Transcendent,Shallow,8,0.01,same,0,3
34,Transcendent,Shallow,8,0.02,same,0,3
34,Transcendent,Shallow,8,0.05,same,0,3
34,Transcendent,Contextual,3,0.1,cross,26,0
34,Transcendent,Contextual,4,0.1,cross,0,26
34,Transcendent,Contextual,8,0.1,cross,0,26
34,Transcendent,Analogical,4,0.1,cross,0,26
35,Sovereign,Surface,1,0,same,0,3
35,Sovereign,Surface,1,0.001,same,0,3
35,Sovereign,Surface,1,0.005,same,0,3
35,Sovereign,Surface,1,0.01,same,0,3
35,Sovereign,Surface,1,0.02,same,0,3
35,Sovereign,Surface,1,0.05,same,0,3
35,Sovereign,Surface,2,0,same,0,3
35,Sovereign,Surface,2,0.001,same,0,3
35,Sovereign,Surface,2,0.005,same,0,3
35,Sovereign,Surface,2,0.01,same,0,3
35,Sovereign,Surface,2,0.02,same,0,3
35,Sovereign,Surface,2,0.05,same,0,3
35,Sovereign,Surface,3,0,same,0,3
35,Sovereign,Surface,3,0.001,same,0,3
35,Sovereign,Surface,3,0.005,same,0,3
35,Sovereign,Surface,3,0.01,same,0,3
35,Sovereign,Surface,3,0.02,same,0,3
35,Sovereign,Surface,3,0.05,same,0,3
35,Sovereign,Surface,3,0.1,cross,26,0
35,Sovereign,Surface,4,0,same,0,3
35,Sovereign,Surface,4,0.001,same,0,3
35,Sovereign,Surface,4,0.005,same,0,3
35,Sovereign,Surface,4,0.01,same,0,3
35,Sovereign,Surface,4,0.02,same,0,3
35,Sovereign,Surface,4,0.05,same,0,3
35,Sovereign,Surface,4,0.1,cross,0,26
35,Sovereign,Surface,8,0,same,0,3
35,Sovereign,Surface,8,0.001,same,0,3
35,Sovereign,Surface,8,0.005,same,0,3
35,Sovereign,Surface,8,0.01,same,0,3
35,Sovereign,Surface,8,0.02,same,0,3
35,Sovereign,Surface,8,0.05,same,0,3
35,Sovereign,Shallow,1,0,same,0,3
35,Sovereign,Shallow,1,0.001,same,0,3
35,Sovereign,Shallow,1,0.005,same,0,3
35,Sovereign,Shallow,1,0.01,same,0,3
35,Sovereign,Shallow,1,0.02,same,0,3
35,Sovereign,Shallow,1,0.05,same,0,3
35,Sovereign,Shallow,2,0,same,0,3
35,Sovereign,Shallow,2,0.001,same,0,3
35,Sovereign,Shallow,2,0.005,same,0,3
35,Sovereign,Shallow,2,0.01,same,0,3
35,Sovereign,Shallow,2,0.02,same,0,3
35,Sovereign,Shallow,2,0.05,same,0,3
35,Sovereign,Shallow,3,0,same,0,3
35,Sovereign,Shallow,3,0.001,same,0,3
35,Sovereign,Shallow,3,0.005,same,0,3
35,Sovereign,Shallow,3,0.01,same,0,3
35,Sovereign,Shallow,3,0.02,same,0,3
35,Sovereign,Shallow,3,0.05,same,0,3
35,Sovereign,Shallow,3,0.1,cross,26,0
35,Sovereign,Shallow,4,0,same,0,3
35,Sovereign,Shallow,4,0.001,same,0,3
35,Sovereign,Shallow,4,0.005,same,0,3
35,Sovereign,Shallow,4,0.01,same,0,3
35,Sovereign,Shallow,4,0.02,same,0,3
35,Sovereign,Shallow,4,0.05,same,0,3
35,Sovereign,Shallow,4,0.1,cross,0,26
35,Sovereign,Shallow,8,0,same,0,3
35,Sovereign,Shallow,8,0.001,same,0,3
35,Sovereign,Shallow,8,0.005,same,0,3
35,Sovereign,Shallow,8,0.01,same,0,3
35,Sovereign,Shallow,8,0.02,same,0,3
35,Sovereign,Shallow,8,0.05,same,0,3
35,Sovereign,Contextual,3,0.1,cross,26,0
35,Sovereign,Contextual,4,0.1,cross,0,26
35,Sovereign,Contextual,8,0.1,cross,0,26
35,Sovereign,Analogical,4,0.1,cross,0,26
